PLAYER,TEAM,GP,W,L,MIN,Dist. Feet,Dist. Miles,Dist. Miles Off,Dist. Miles Def,Avg Speed,Avg Speed Off,Avg Speed Def
Aaron Gordon,ORL,62,30,32,32.5,12820.2,2.43,1.34,1.08,4.2,4.65,3.76
Aaron Holiday,IND,66,42,24,24.5,9661.7,1.83,0.96,0.87,4.2,4.42,3.98
Abdel Nader,OKC,55,37,18,15.8,6444.6,1.22,0.64,0.58,4.32,4.55,4.09
Adam Mokoka,CHI,11,3,8,10.2,4173.8,0.79,0.41,0.38,4.24,4.44,4.06
Admiral Schofield,WAS,33,9,24,11.2,4341.6,0.82,0.44,0.38,4.19,4.59,3.8
Al Horford,PHI,67,39,28,30.2,11045.3,2.09,1.15,0.94,3.95,4.24,3.65
Al-Farouq Aminu,ORL,18,7,11,21.1,8752.2,1.66,0.94,0.72,4.39,4.87,3.93
Alec Burks,PHI,66,21,45,26.6,10196.8,1.93,1.02,0.91,4.12,4.35,3.89
Alen Smailagic,GSW,14,1,13,9.9,4100.4,0.78,0.41,0.37,4.39,4.61,4.16
Alex Caruso,LAL,64,48,16,18.4,7462.3,1.41,0.74,0.67,4.29,4.55,4.03
Alex Len,SAC,54,18,36,17.7,6949.6,1.32,0.71,0.6,4.16,4.46,3.85
Alfonzo McKinnie,CLE,40,11,29,14.8,6048.4,1.15,0.61,0.54,4.41,4.58,4.24
Alize Johnson,IND,17,10,7,6.9,2746.5,0.52,0.27,0.25,4.51,4.75,4.36
Allen Crabbe,MIN,37,5,32,17.6,6925.9,1.31,0.7,0.61,4.13,4.38,3.88
Allonzo Trier,NYK,24,2,22,12.1,4797.4,0.91,0.48,0.43,4.18,4.52,3.85
Amile Jefferson,ORL,18,5,13,4.1,1711.1,0.32,0.18,0.14,4.45,4.86,4
Amir Coffey,LAC,18,11,7,8.8,3444.7,0.65,0.36,0.3,4.09,4.51,3.67
Andre Drummond,CLE,56,21,35,32.9,11929.2,2.26,1.2,1.06,3.86,3.97,3.74
Andre Iguodala,MIA,20,10,10,19.8,7965.6,1.51,0.79,0.72,4.21,4.46,3.97
Andre Roberson,OKC,7,3,4,12.4,5209.7,0.99,0.49,0.49,4.4,4.32,4.47
Andrew Wiggins,GSW,54,15,39,34.4,13227.5,2.51,1.39,1.12,4.07,4.53,3.61
Anfernee Simons,POR,70,32,38,20.7,8624.6,1.63,0.89,0.75,4.4,4.68,4.12
Ante Zizic,CLE,22,4,18,10,3846.7,0.73,0.37,0.36,4.04,4.23,3.86
Anthony Davis,LAL,62,46,16,34.4,12046.4,2.28,1.17,1.11,3.73,3.86,3.59
Anthony Tolliver,MEM,55,24,31,15.8,6157.9,1.17,0.65,0.52,4.12,4.47,3.75
Antonius Cleveland,DAL,11,6,5,4.2,1584.9,0.3,0.16,0.14,4.15,4.35,3.93
Anžejs Pasečņiks,WAS,27,9,18,16.2,6606.4,1.25,0.67,0.58,4.33,4.79,3.89
Aron Baynes,PHX,41,19,22,22.3,8261.6,1.56,0.83,0.74,3.95,4.18,3.71
Austin Rivers,HOU,68,43,25,23.4,8698.9,1.65,0.82,0.83,3.94,4.03,3.85
Avery Bradley,LAL,49,36,13,24.2,9917,1.88,0.95,0.93,4.36,4.44,4.29
BJ Johnson,ORL,10,5,5,8.3,3485.7,0.66,0.36,0.3,4.42,4.95,3.92
Bam Adebayo,MIA,71,44,27,33.5,12699.6,2.41,1.28,1.12,4.02,4.21,3.82
Ben McLemore,HOU,71,44,27,22.8,9043.4,1.71,0.86,0.85,4.28,4.45,4.11
Ben Simmons,PHI,57,35,22,35.4,13357.8,2.53,1.39,1.14,4.01,4.34,3.67
Bismack Biyombo,CHA,52,18,34,19.6,7540.7,1.43,0.76,0.67,4.17,4.41,3.92
Blake Griffin,DET,17,8,9,28.4,9845,1.86,1.01,0.85,3.68,3.91,3.44
Boban Marjanović,DAL,44,21,23,9.6,3586.1,0.68,0.36,0.32,3.98,4.13,3.83
Bobby Portis,NYK,66,21,45,21.1,8199.1,1.55,0.84,0.71,4.12,4.43,3.81
Bogdan Bogdanović,SAC,60,29,31,28.9,11811,2.24,1.23,1.01,4.3,4.72,3.87
Bojan Bogdanović,UTA,63,41,22,33.1,12751.7,2.42,1.34,1.08,4.11,4.45,3.74
Bol Bol,DEN,7,2,5,12.4,4913.1,0.93,0.5,0.43,4.14,4.53,3.76
Brad Wanamaker,BOS,71,48,23,19.3,7331.1,1.39,0.76,0.63,4.04,4.46,3.63
Bradley Beal,WAS,57,20,37,36,14182.2,2.69,1.47,1.21,4.18,4.62,3.74
Brandon Clarke,MEM,58,29,29,22.4,9337.2,1.77,0.96,0.81,4.4,4.88,3.93
Brandon Goodwin,ATL,34,13,21,12.7,5268.2,1,0.54,0.46,4.38,4.69,4.07
Brandon Ingram,NOP,61,25,36,33.8,13471.8,2.55,1.39,1.16,4.23,4.73,3.75
Brandon Knight,DET,25,4,21,18.5,7272.9,1.38,0.78,0.59,4.15,4.54,3.73
Brian Bowen II,IND,6,5,1,5.2,2139.8,0.41,0.21,0.19,4.35,4.53,4.52
Brook Lopez,MIL,67,52,15,26.7,9932.8,1.88,1,0.88,3.98,4.42,3.57
Bruce Brown,DET,57,18,39,28.3,11416.3,2.16,1.2,0.96,4.29,4.63,3.92
Bruno Caboclo,HOU,30,11,19,8.1,3337.7,0.63,0.34,0.29,4.49,4.99,4.01
Bruno Fernando,ATL,56,18,38,12.7,5143.5,0.97,0.52,0.45,4.27,4.51,4.02
Bryn Forbes,SAS,62,26,36,25.2,10239,1.94,1.09,0.85,4.35,4.82,3.86
Buddy Hield,SAC,71,31,40,30.9,13039.9,2.47,1.32,1.15,4.46,4.79,4.14
CJ McCollum,POR,69,33,36,36.5,14698.4,2.78,1.56,1.22,4.3,4.74,3.85
CJ Miles,WAS,10,4,6,16.1,6071.7,1.15,0.61,0.54,3.94,4.34,3.58
Caleb Martin,CHA,18,6,12,17.6,7465.6,1.41,0.76,0.66,4.51,4.9,4.11
Caleb Swanigan,POR,26,11,15,10.7,4361.5,0.83,0.43,0.39,4.36,4.57,4.11
Cam Reddish,ATL,58,17,41,26.7,11127.9,2.11,1.09,1.02,4.38,4.59,4.19
Cameron Johnson,PHX,56,28,28,21.8,9108.2,1.73,0.94,0.78,4.4,4.87,3.95
Cameron Payne,PHX,8,8,0,22.9,9586.4,1.82,0.98,0.84,4.46,4.85,4.08
Caris LeVert,BKN,45,21,24,29.6,11213,2.12,1.17,0.96,4.11,4.51,3.7
Carmelo Anthony,POR,57,27,30,32.8,11156,2.11,1.12,1,3.64,3.77,3.49
Carsen Edwards,BOS,37,25,12,9.5,3778.2,0.72,0.38,0.34,4.36,4.54,4.18
Cedi Osman,CLE,65,19,46,29.4,11454.9,2.17,1.17,1,4.16,4.32,3.99
Chandler Hutchison,CHI,28,8,20,18.8,7904,1.5,0.81,0.68,4.45,4.82,4.08
Chandler Parsons,ATL,5,0,5,10.8,4190.2,0.79,0.43,0.36,4.08,4.58,3.61
Charlie Brown Jr.,ATL,10,1,9,4,1472.6,0.28,0.14,0.14,4.46,4.82,4.14
Chasson Randle,GSW,3,2,1,13.5,5753,1.09,0.58,0.51,4.68,4.94,4.15
Cheick Diallo,PHX,47,20,27,10.2,3974,0.75,0.41,0.34,4.25,4.64,3.87
Chimezie Metu,SAS,18,8,10,5.8,2255.6,0.43,0.23,0.19,4.28,4.67,3.89
Chris Boucher,TOR,62,45,17,13.2,5115.7,0.97,0.51,0.46,4.09,4.34,3.85
Chris Chiozza,BKN,28,14,14,14.3,5774.3,1.09,0.6,0.5,4.25,4.67,3.86
Chris Clemons,HOU,33,19,14,8.8,3348.8,0.63,0.33,0.3,4.22,4.56,3.9
Chris Paul,OKC,70,44,26,31.5,11113,2.1,1.18,0.93,3.73,4.17,3.28
Chris Silva,MIA,43,27,16,7.8,3183.7,0.6,0.32,0.28,4.31,4.51,4.13
Christian Wood,DET,61,20,41,21.5,8421.8,1.6,0.88,0.72,4.15,4.51,3.79
Clint Capela,ATL,39,22,17,32.8,12718.4,2.41,1.27,1.14,4.15,4.57,3.76
Coby White,CHI,65,22,43,25.8,10328.6,1.96,1.04,0.91,4.27,4.55,3.99
Cody Martin,CHA,48,16,32,18.8,8081.6,1.53,0.82,0.71,4.56,4.85,4.25
Cody Zeller,CHA,57,18,39,23.2,9433.8,1.79,1,0.79,4.36,4.74,3.96
Collin Sexton,CLE,65,19,46,33,12784.7,2.42,1.37,1.05,4.13,4.48,3.75
Corey Brewer,SAC,5,2,3,6.5,2721.2,0.52,0.26,0.25,4.46,4.55,4.36
Cory Joseph,SAC,71,31,40,24.5,10128.8,1.92,1.02,0.9,4.37,4.62,4.12
Courtney Lee,DAL,23,14,9,14.5,5696,1.08,0.57,0.5,4.18,4.26,4.09
Cristiano Felicio,CHI,22,6,16,17.5,7021.9,1.33,0.7,0.63,4.25,4.38,4.08
D'Angelo Russell,MIN,45,11,34,32.3,12527.6,2.37,1.28,1.1,4.13,4.59,3.7
D.J. Augustin,ORL,57,28,29,24.9,9667.8,1.83,1.05,0.78,4.12,4.58,3.63
D.J. Wilson,MIL,37,29,8,9.8,3892.5,0.74,0.4,0.33,4.36,4.7,3.99
DaQuan Jeffries,SAC,13,4,9,10.8,4603.5,0.87,0.47,0.4,4.41,4.8,4.03
Damian Jones,ATL,55,15,40,16.1,6519.7,1.23,0.64,0.59,4.28,4.51,4.06
Damian Lillard,POR,65,32,33,37.5,14144.7,2.68,1.51,1.17,4.01,4.42,3.58
Damion Lee,GSW,49,12,37,29,12636.7,2.39,1.31,1.08,4.61,5.14,4.1
Damyean Dotson,NYK,48,14,34,17.4,6721,1.27,0.68,0.59,4.14,4.44,3.83
Daniel Gafford,CHI,43,15,28,14.2,5749.3,1.09,0.56,0.53,4.32,4.48,4.16
Daniel Theis,BOS,65,42,23,24.1,9194.9,1.74,0.9,0.84,4.07,4.27,3.88
Danilo Gallinari,OKC,62,37,25,29.6,10904,2.07,1.16,0.9,3.9,4.33,3.47
Danny Green,LAL,68,51,17,24.8,10508,1.99,1.05,0.94,4.52,4.82,4.23
Danté Exum,CLE,35,10,25,13.9,5681.1,1.08,0.58,0.5,4.36,4.62,4.09
Danuel House Jr.,HOU,63,40,23,30.4,12020.4,2.28,1.14,1.13,4.23,4.41,4.06
Dario Šarić,PHX,65,32,33,24.5,9989.9,1.89,1.03,0.86,4.34,4.71,3.97
Darius Bazley,OKC,61,36,25,18.5,7182.7,1.36,0.71,0.65,4.19,4.44,3.95
Darius Garland,CLE,59,17,42,30.9,12121.1,2.3,1.29,1,4.18,4.53,3.82
Daryl Macon,MIA,4,4,0,3.5,1343.8,0.25,0.13,0.13,4.26,4.6,3.97
David Nwaba,HOU,20,8,12,13.4,5189.4,0.98,0.5,0.48,4.33,4.65,4.04
De'Aaron Fox,SAC,50,20,30,32.1,12832.3,2.43,1.3,1.13,4.23,4.61,3.86
De'Andre Hunter,ATL,63,19,44,32,12971.8,2.46,1.32,1.13,4.29,4.65,3.93
De'Anthony Melton,MEM,60,27,33,19.5,7921.6,1.5,0.8,0.7,4.28,4.6,3.97
DeAndre Jordan,BKN,56,27,29,22,7426.6,1.41,0.76,0.65,3.62,3.92,3.32
DeAndre' Bembry,ATL,43,10,33,21.3,8714,1.65,0.85,0.8,4.3,4.49,4.12
DeMar DeRozan,SAS,67,30,37,34.1,13137.7,2.49,1.39,1.1,4.11,4.57,3.65
DeMarre Carroll,HOU,24,10,14,12.1,4585.6,0.87,0.45,0.42,4.09,4.48,3.75
Dean Wade,CLE,12,1,11,6,2514.5,0.48,0.26,0.22,4.43,4.84,4.02
Deandre Ayton,PHX,38,20,18,32.5,12207.3,2.31,1.22,1.09,3.98,4.26,3.69
Dejounte Murray,SAS,65,28,37,25.5,11110.8,2.1,1.16,0.95,4.68,5.14,4.22
Delon Wright,DAL,72,41,31,21.5,8773.6,1.66,0.92,0.74,4.4,4.75,4.03
Dennis Schröder,OKC,65,40,25,30.8,12138.8,2.3,1.2,1.09,4.12,4.31,3.92
Dennis Smith Jr.,NYK,34,7,27,15.8,6413.9,1.21,0.66,0.55,4.32,4.7,3.94
Denzel Valentine,CHI,36,12,24,13.6,5359.1,1.01,0.55,0.47,4.24,4.59,3.92
Deonte Burton,OKC,39,22,17,9.1,3487.2,0.66,0.34,0.32,4.14,4.38,3.88
Derrick Favors,NOP,50,24,26,24.2,9496.5,1.8,0.95,0.84,4.19,4.56,3.83
Derrick Jones Jr.,MIA,58,34,24,23.3,9152,1.73,0.9,0.84,4.15,4.31,4
Derrick Rose,DET,49,17,32,26,10329.5,1.96,1.1,0.86,4.22,4.72,3.72
Derrick Walton Jr.,DET,26,15,11,9.6,3823,0.72,0.38,0.34,4.26,4.43,4.12
Derrick White,SAS,67,31,36,24.7,10083,1.91,1.06,0.85,4.3,4.81,3.8
Devin Booker,PHX,70,34,36,35.9,14183.7,2.69,1.5,1.19,4.19,4.72,3.68
Devon Hall,OKC,11,6,5,7.3,2824.2,0.53,0.3,0.23,4.05,4.67,3.46
Devontae Cacok,LAL,1,0,1,8.9,3828,0.73,0.38,0.35,4.28,4.95,3.62
Devonte' Graham,CHA,62,23,39,35.1,13595.4,2.57,1.45,1.12,4.11,4.57,3.64
Dewan Hernandez,TOR,6,6,0,4.7,1987.7,0.38,0.2,0.17,4.43,4.38,4.07
Dewayne Dedmon,ATL,44,17,27,17.6,6612.1,1.25,0.66,0.59,3.98,4.23,3.72
Dillon Brooks,MEM,73,34,39,28.9,11134.5,2.11,1.09,1.02,4.09,4.26,3.93
Dion Waiters,LAL,10,4,6,20.7,7644.9,1.45,0.79,0.66,3.89,4.43,3.39
Domantas Sabonis,IND,62,37,25,34.8,13339.2,2.53,1.35,1.18,4.08,4.38,3.8
Donovan Mitchell,UTA,69,43,26,34.3,12725.6,2.41,1.33,1.08,3.94,4.29,3.59
Donta Hall,BKN,9,4,5,14.8,6121.4,1.16,0.65,0.51,4.34,4.5,4.15
Donte DiVincenzo,MIL,65,52,13,23,9603.8,1.82,0.96,0.86,4.44,4.85,4.05
Dorian Finney-Smith,DAL,69,38,31,30.1,11995.2,2.27,1.2,1.07,4.24,4.41,4.06
Doug McDermott,IND,69,43,26,19.9,8339.7,1.58,0.87,0.71,4.56,5.02,4.11
Dragan Bender,GSW,15,9,6,18.7,7369,1.4,0.76,0.64,4.18,4.55,3.81
Draymond Green,GSW,43,10,33,28.4,10370.4,1.96,1.04,0.93,3.91,4.27,3.56
Drew Eubanks,SAS,22,13,9,12.4,5036.6,0.95,0.51,0.45,4.32,4.67,3.97
Duncan Robinson,MIA,72,44,28,29.6,11864.2,2.25,1.25,0.99,4.27,4.71,3.82
Dusty Hannahs,MEM,2,0,2,6.7,2497,0.47,0.26,0.21,3.76,4.34,3.22
Dwayne Bacon,CHA,39,10,29,17.6,6738.3,1.28,0.68,0.59,4.06,4.3,3.82
Dwight Howard,LAL,69,52,17,18.9,7081.8,1.34,0.71,0.64,3.98,4.18,3.78
Dwight Powell,DAL,39,24,15,26.4,10419.2,1.97,1.08,0.89,4.23,4.55,3.88
Dzanan Musa,BKN,40,20,20,12.2,4850.4,0.92,0.5,0.42,4.26,4.61,3.92
Dāvis Bertāns,WAS,54,20,34,29.3,11562.6,2.19,1.22,0.97,4.3,4.99,3.67
E'Twaun Moore,NOP,55,27,28,18.3,7517.2,1.42,0.77,0.65,4.42,4.9,3.96
Ed Davis,UTA,28,16,12,10.8,4262.5,0.81,0.44,0.37,4.16,4.39,3.92
Edmond Sumner,IND,31,16,15,14.4,5947,1.13,0.59,0.54,4.37,4.66,4.09
Elfrid Payton,NYK,45,17,28,27.7,11219.4,2.12,1.17,0.96,4.32,4.72,3.91
Elie Okobo,PHX,54,23,31,13,5475.6,1.04,0.56,0.47,4.49,4.85,4.13
Emmanuel Mudiay,UTA,54,34,20,15.7,6522.6,1.24,0.7,0.53,4.42,4.89,3.91
Enes Freedom,BOS,58,36,22,16.9,6316.3,1.2,0.62,0.58,3.97,4.03,3.9
Eric Bledsoe,MIL,60,47,13,26.9,10901.2,2.06,1.09,0.98,4.32,4.86,3.84
Eric Gordon,HOU,36,21,15,28.2,9822.8,1.86,0.94,0.92,3.69,3.97,3.45
Eric Mika,SAC,1,0,1,19.1,7620,1.44,0.76,0.68,4.11,4.93,3.92
Eric Paschall,GSW,60,14,46,27.6,11137.6,2.11,1.13,0.98,4.34,4.68,4
Ersan Ilyasova,MIL,62,47,15,15.7,6344.3,1.2,0.65,0.55,4.32,4.74,3.92
Evan Fournier,ORL,66,28,38,31.4,12657.4,2.4,1.31,1.09,4.3,4.68,3.92
Evan Turner,MIN,19,3,16,13.2,5147,0.97,0.53,0.45,4.05,4.3,3.83
Frank Jackson,NOP,58,26,32,13.4,5536.4,1.05,0.56,0.49,4.35,4.79,3.94
Frank Kaminsky,PHX,38,19,19,19.6,7771.3,1.47,0.82,0.65,4.21,4.63,3.78
Frank Mason III,MIL,9,6,3,13.1,5132.9,0.97,0.52,0.46,4.15,4.54,3.88
Frank Ntilikina,NYK,57,19,38,20.8,8376.7,1.59,0.86,0.73,4.29,4.64,3.93
Fred VanVleet,TOR,54,40,14,35.7,14042.4,2.66,1.45,1.21,4.16,4.59,3.74
Furkan Korkmaz,PHI,72,42,30,21.6,8925.8,1.69,0.93,0.76,4.35,4.68,4.01
Gabe Vincent,MIA,9,5,4,9.2,2916.4,0.55,0.29,0.26,4.25,4.48,3.86
Garrett Temple,BKN,62,30,32,27.9,10738.9,2.03,1.09,0.94,4.18,4.5,3.86
Garrison Mathews,WAS,18,8,10,12.6,5266.2,1,0.51,0.49,4.38,4.6,4.14
Gary Clark,ORL,42,23,19,13.5,5419.9,1.03,0.55,0.48,4.24,4.57,3.92
Gary Harris,DEN,56,37,19,31.8,11885.3,2.25,1.19,1.07,4.08,4.23,3.93
Gary Payton II,WAS,29,13,16,14.9,6557.5,1.24,0.64,0.6,4.67,4.89,4.47
Gary Trent Jr.,POR,60,28,32,21.6,8170.6,1.55,0.8,0.74,4.07,4.18,3.97
George Hill,MIL,58,46,12,21.5,8504.6,1.61,0.87,0.74,4.24,4.52,3.95
Georges Niang,UTA,66,41,25,14,5636.1,1.07,0.59,0.48,4.3,4.63,3.96
Giannis Antetokounmpo,MIL,62,50,12,30.4,11769.6,2.23,1.22,1.01,4.13,4.75,3.56
Glenn Robinson III,PHI,62,17,45,28.8,12142.4,2.3,1.22,1.08,4.49,4.81,4.18
Goga Bitadze,IND,54,32,22,8.7,3380.2,0.64,0.35,0.29,4.15,4.41,3.88
Goran Dragic,MIA,58,37,21,28.1,11083.3,2.1,1.2,0.9,4.14,4.67,3.61
Gordon Hayward,BOS,52,34,18,33.5,13654.6,2.59,1.41,1.18,4.33,4.76,3.91
Gorgui Dieng,MEM,63,20,43,17.4,6637.5,1.26,0.69,0.57,4.06,4.4,3.71
Grant Williams,BOS,69,47,22,15.1,6000.4,1.14,0.59,0.54,4.19,4.37,4.01
Grayson Allen,MEM,38,16,22,18.9,7790.1,1.48,0.78,0.7,4.34,4.65,4.04
Hamidou Diallo,OKC,46,25,21,19.5,7754.5,1.47,0.78,0.69,4.3,4.52,4.08
Harrison Barnes,SAC,71,31,40,34.5,13838.6,2.62,1.42,1.21,4.25,4.6,3.89
Harry Giles III,SAC,45,22,23,14.5,5541,1.05,0.55,0.5,4.04,4.21,3.87
Hassan Whiteside,POR,66,33,33,29.9,10858.4,2.06,1.09,0.97,3.88,4,3.75
Henry Ellenson,BKN,5,2,3,3,1287,0.24,0.13,0.11,4.31,5.31,4.1
Ian Mahinmi,WAS,38,15,23,21.3,8342.5,1.58,0.85,0.73,4.17,4.45,3.9
Ignas Brazdeikis,NYK,9,1,8,5.9,2065.3,0.39,0.2,0.19,4.17,4.52,3.86
Iman Shumpert,BKN,13,9,4,18.5,7297.1,1.38,0.7,0.68,4.18,4.31,4.01
Isaac Bonga,WAS,66,22,44,18.9,7656.8,1.45,0.74,0.71,4.3,4.47,4.14
Isaiah Hartenstein,HOU,23,16,7,11.6,4795.2,0.91,0.47,0.44,4.4,4.67,4.13
Isaiah Roby,OKC,3,2,1,3.8,1259.7,0.24,0.12,0.12,4.51,6.04,4.5
Isaiah Thomas,WAS,40,14,26,23.1,8152.1,1.54,0.88,0.67,3.87,4.37,3.36
Ish Smith,WAS,68,23,45,26.3,11083.7,2.1,1.18,0.92,4.46,5.15,3.81
Ivica Zubac,LAC,72,49,23,18.4,7231.9,1.37,0.73,0.64,4.19,4.55,3.84
J.J. Barea,DAL,29,15,14,15.5,6057.7,1.15,0.66,0.49,4.17,4.66,3.64
J.P. Macura,CLE,1,1,0,0.6,229,0.04,0.02,0.02,0,0,0
JJ Redick,NOP,60,26,34,26.4,11098.6,2.1,1.15,0.95,4.46,5.05,3.91
JR Smith,LAL,6,2,4,13.2,5237,0.99,0.51,0.48,4.25,4.73,3.84
Ja Morant,MEM,67,33,34,31,12652.3,2.4,1.34,1.06,4.33,4.84,3.82
JaKarr Sampson,IND,34,21,13,13.8,5635.1,1.07,0.56,0.5,4.34,4.54,4.14
JaMychal Green,LAC,63,43,20,20.8,8125.7,1.54,0.81,0.72,4.12,4.46,3.78
JaVale McGee,LAL,68,51,17,16.6,6338.6,1.2,0.62,0.58,4.1,4.31,3.91
Jabari Parker,SAC,38,9,29,24.1,10209,1.93,1.05,0.88,4.46,4.87,4.06
Jacob Evans,MIN,29,8,21,14.4,6108.3,1.16,0.62,0.53,4.53,4.93,4.14
Jae Crowder,MIA,64,29,35,28.8,11085.1,2.1,1.11,0.98,4.1,4.39,3.81
Jahlil Okafor,NOP,30,9,21,15.6,6172.9,1.17,0.62,0.55,4.21,4.57,3.86
Jake Layman,MIN,23,11,12,22,9215.5,1.75,0.95,0.8,4.41,4.81,4
Jakob Poeltl,SAS,65,29,36,17.8,7511.8,1.42,0.76,0.66,4.49,4.89,4.11
Jalen Brunson,DAL,56,33,23,18,7206.2,1.36,0.75,0.62,4.25,4.56,3.93
Jalen Lecque,PHX,5,2,3,6.3,2593.6,0.49,0.26,0.24,4.36,4.77,4
Jalen McDaniels,CHA,16,7,9,18.3,7730.9,1.46,0.8,0.66,4.52,4.91,4.12
Jamal Crawford,BKN,1,1,0,6,2227,0.42,0.26,0.17,3.83,5.22,4.27
Jamal Murray,DEN,59,38,21,32.3,12885,2.44,1.37,1.07,4.25,4.67,3.82
James Ennis III,ORL,69,42,27,18.4,7532.6,1.43,0.76,0.66,4.45,4.7,4.21
James Harden,HOU,68,43,25,36.5,12057.4,2.28,1.21,1.08,3.53,3.87,3.22
James Johnson,MIN,32,14,18,19.4,7464.8,1.41,0.76,0.65,4.1,4.53,3.7
Jared Dudley,LAL,45,30,15,8.1,3123.5,0.59,0.33,0.26,4.11,4.59,3.61
Jared Harper,NYK,3,1,2,2.6,800.7,0.15,0.08,0.07,4.53,3.76,3.51
Jaren Jackson Jr.,MEM,57,28,29,28.5,11417,2.16,1.18,0.98,4.27,4.71,3.83
Jarred Vanderbilt,MIN,11,6,5,4.2,1486,0.28,0.15,0.13,4.37,4.8,3.94
Jarrell Brantley,UTA,9,3,6,10.7,3952.4,0.75,0.42,0.33,4.1,4.37,3.8
Jarrett Allen,BKN,70,33,37,26.5,10032.4,1.9,1.03,0.87,4.05,4.44,3.66
Jarrett Culver,MIN,63,19,44,23.9,9436.4,1.79,0.97,0.82,4.22,4.6,3.85
Jarrod Uthoff,WAS,7,4,3,7.6,3137.1,0.59,0.32,0.27,4.44,4.83,4.04
Javonte Green,BOS,48,33,15,9.8,3955.1,0.75,0.39,0.36,4.33,4.54,4.12
Jaxson Hayes,NOP,63,28,35,17.1,6897.7,1.31,0.69,0.62,4.27,4.68,3.89
Jaylen Brown,BOS,57,38,19,33.9,13083.6,2.48,1.3,1.18,4.11,4.37,3.86
Jaylen Hoard,POR,13,7,6,7.9,3463.4,0.66,0.34,0.31,4.59,4.89,4.4
Jaylen Nowell,MIN,15,2,13,10.1,4120.9,0.78,0.42,0.36,4.32,4.73,4
Jayson Tatum,BOS,66,46,20,34.3,12948.2,2.45,1.33,1.12,4.01,4.38,3.63
Jeff Green,HOU,48,28,20,20,7208.4,1.37,0.7,0.66,3.9,4.13,3.68
Jeff Teague,ATL,59,22,37,24.8,8703.9,1.65,0.9,0.74,3.71,4.09,3.33
Jerami Grant,DEN,71,45,26,26.6,10235,1.94,1.06,0.88,4.06,4.31,3.8
Jeremiah Martin,BKN,9,6,3,11,4716.4,0.89,0.5,0.39,4.44,4.72,4.13
Jeremy Lamb,IND,46,27,19,28.1,10964.8,2.08,1.11,0.97,4.16,4.37,3.94
Jeremy Pargo,GSW,3,0,3,14.8,6082,1.15,0.62,0.53,4.44,5.19,3.79
Jerian Grant,WAS,6,1,5,13.4,5242.2,0.99,0.53,0.46,4.13,4.33,3.77
Jerome Robinson,WAS,63,36,27,15.5,6549.5,1.24,0.66,0.58,4.54,4.96,4.15
Jevon Carter,PHX,58,29,29,16.3,6733.9,1.28,0.65,0.62,4.47,4.54,4.4
Jimmy Butler III,MIA,58,38,20,33.8,13351.3,2.53,1.37,1.15,4.2,4.46,3.93
Joakim Noah,LAC,5,4,1,10,4118,0.78,0.45,0.33,4.28,4.73,3.76
Joe Chealey,CHA,4,1,3,8.4,3631,0.69,0.37,0.32,4.73,5.16,4.32
Joe Harris,BKN,69,33,36,30.8,12705,2.41,1.38,1.03,4.46,5.08,3.83
Joe Ingles,UTA,72,44,28,29.7,11721,2.22,1.21,1.01,4.2,4.5,3.89
Joel Embiid,PHI,51,32,19,29.5,10563.4,2,1.09,0.91,3.77,4.01,3.52
John Collins,ATL,41,15,26,33.3,13085.4,2.48,1.34,1.13,4.18,4.59,3.78
John Henson,DET,40,8,32,15,5574.7,1.06,0.56,0.49,3.96,4.11,3.8
John Konchar,MEM,19,9,10,9.5,3808.2,0.72,0.39,0.33,4.37,4.59,4.12
Johnathan Motley,LAC,13,8,5,3.2,1205.4,0.23,0.12,0.11,4.21,4.45,3.72
Johnathan Williams,WAS,15,7,8,12,4803.9,0.91,0.49,0.42,4.28,4.6,3.95
Jonah Bolden,PHX,7,6,1,6.7,2697,0.51,0.28,0.23,4.43,4.54,4.29
Jonas Valančiūnas,MEM,70,32,38,26.4,9932.1,1.88,1.02,0.87,4.02,4.31,3.73
Jonathan Isaac,ORL,34,15,19,28.8,11631,2.2,1.22,0.99,4.33,4.83,3.84
Jordan Bell,CLE,29,8,21,8.8,3364,0.64,0.34,0.3,4.23,4.53,3.94
Jordan Bone,DET,10,3,7,5.3,1895.7,0.36,0.2,0.15,4.3,4.4,3.92
Jordan Clarkson,UTA,71,34,37,24,9879.1,1.87,1.04,0.83,4.37,4.72,4
Jordan McLaughlin,MIN,30,7,23,19.7,8131.3,1.54,0.84,0.7,4.52,4.96,4.08
Jordan McRae,DET,37,12,25,21.2,7904.4,1.5,0.8,0.69,3.95,4.31,3.6
Jordan Poole,GSW,57,12,45,22.4,8586.5,1.63,0.9,0.72,4.07,4.53,3.61
Josh Gray,NOP,2,1,1,11.4,4826.5,0.91,0.47,0.44,4.3,4.34,4.26
Josh Hart,NOP,64,26,38,27.2,11062,2.1,1.12,0.98,4.29,4.69,3.91
Josh Jackson,MEM,22,10,12,17.3,6820.4,1.29,0.68,0.61,4.17,4.46,3.9
Josh Magette,ORL,8,3,5,4.7,1677.4,0.32,0.18,0.14,4.21,4.74,3.96
Josh Okogie,MIN,62,19,43,25,10055.2,1.9,0.97,0.94,4.27,4.36,4.18
Josh Reaves,DAL,4,2,2,7.1,2784.5,0.53,0.27,0.25,4.17,4.41,3.93
Josh Richardson,PHI,55,33,22,30.8,12463.2,2.36,1.3,1.06,4.29,4.56,3.99
Jrue Holiday,NOP,60,26,34,34.7,13948.5,2.64,1.45,1.2,4.28,4.88,3.72
Juan Toscano-Anderson,GSW,13,3,10,20.9,9044.3,1.71,0.96,0.75,4.58,5.06,4.09
Juancho Hernangomez,MIN,48,24,24,17.4,6884.2,1.3,0.69,0.62,4.4,4.65,4.16
Julius Randle,NYK,64,21,43,32.5,12057.2,2.28,1.25,1.03,3.96,4.29,3.61
Justin Anderson,BKN,10,6,4,10.7,4090.9,0.77,0.44,0.34,4.02,4.42,3.7
Justin Holiday,IND,73,45,28,25,10127.4,1.92,1.04,0.88,4.34,4.74,3.94
Justin Jackson,DAL,64,38,26,16,6288.1,1.19,0.66,0.53,4.3,4.59,3.99
Justin James,SAC,36,14,22,6.5,2707.3,0.51,0.26,0.25,4.42,4.56,4.23
Justin Patton,DET,5,2,3,4.8,1909.8,0.36,0.19,0.17,4.09,4.62,3.58
Justin Robinson,WAS,9,2,7,5.4,1642.1,0.31,0.16,0.15,4.2,5.01,3.55
Justin Wright-Foreman,UTA,4,1,3,11.3,4440.8,0.84,0.47,0.37,4.24,4.47,3.99
Justise Winslow,MEM,11,7,4,32,12477.4,2.36,1.32,1.05,4.11,4.46,3.74
Jusuf Nurkić,POR,8,6,2,31.6,12086.3,2.29,1.21,1.07,4.09,4.31,3.87
Juwan Morgan,UTA,21,12,9,6.4,2554.3,0.48,0.27,0.22,4.23,4.46,3.98
KZ Okpala,MIA,5,2,3,5.2,1848.6,0.35,0.16,0.19,4.16,4.09,3.78
Kadeem Allen,NYK,10,3,7,11.7,4753.5,0.9,0.52,0.38,4.28,4.98,3.59
Karl-Anthony Towns,MIN,35,10,25,33.9,12487.6,2.37,1.26,1.11,3.9,4.15,3.65
Kawhi Leonard,LAC,57,41,16,32.4,12665,2.4,1.31,1.09,4.14,4.6,3.7
Keita Bates-Diop,DEN,44,10,34,16.9,6661.2,1.26,0.69,0.57,4.17,4.48,3.84
Kelan Martin,MIN,31,12,19,16,6436.7,1.22,0.64,0.58,4.25,4.54,3.98
Keldon Johnson,SAS,17,8,9,17.7,7322.2,1.39,0.73,0.66,4.36,4.66,4.04
Kelly Olynyk,MIA,66,41,25,19.5,7671.3,1.45,0.8,0.65,4.15,4.53,3.77
Kelly Oubre Jr.,PHX,55,22,33,34.4,13235.6,2.51,1.35,1.16,4.08,4.42,3.74
Kemba Walker,BOS,56,37,19,31.1,12286.1,2.33,1.3,1.03,4.21,4.71,3.7
Kendrick Nunn,MIA,66,42,24,29.3,11362.1,2.15,1.19,0.96,4.13,4.49,3.75
Kenrich Williams,NOP,39,12,27,21.3,8993.8,1.7,0.92,0.78,4.5,5,4.03
Kent Bazemore,SAC,67,32,35,24.8,10260.9,1.94,1.04,0.9,4.37,4.64,4.1
Kentavious Caldwell-Pope,LAL,69,51,18,25.5,9845.1,1.86,0.96,0.9,4.16,4.36,3.96
Kevin Hervey,OKC,10,3,7,5.2,2034.9,0.39,0.2,0.18,4.16,4.32,3.78
Kevin Huerter,ATL,56,19,37,31.4,12673.1,2.4,1.28,1.12,4.28,4.58,3.98
Kevin Knox II,NYK,65,21,44,17.9,6801.1,1.29,0.68,0.61,4.16,4.46,3.88
Kevin Love,CLE,56,16,40,31.8,11513.2,2.18,1.2,0.98,3.87,4.09,3.63
Kevin Porter Jr.,CLE,50,15,35,23.2,9272.6,1.76,0.93,0.82,4.24,4.38,4.1
Kevon Looney,GSW,20,6,14,13.1,5163.8,0.98,0.53,0.45,4.22,4.48,3.95
Khem Birch,ORL,48,19,29,19.2,7620.1,1.44,0.77,0.68,4.25,4.4,4.08
Khris Middleton,MIL,61,45,16,29.8,11740.4,2.22,1.17,1.05,4.2,4.66,3.78
Khyri Thomas,DET,8,2,6,7.7,3145.1,0.6,0.33,0.26,4.46,4.76,4.13
Kostas Antetokounmpo,LAL,5,3,2,4,1400.8,0.27,0.14,0.13,4.11,4.51,3.73
Kris Dunn,CHI,51,19,32,24.9,10082.1,1.91,0.99,0.92,4.31,4.59,4.05
Kristaps Porziņģis,DAL,55,30,25,31.6,11565.8,2.19,1.21,0.98,3.9,4.21,3.58
Ky Bowman,GSW,45,9,36,22.6,9562.5,1.81,0.96,0.85,4.52,4.75,4.28
Kyle Alexander,MIA,2,0,2,6.7,2815.5,0.53,0.26,0.28,4.55,4.17,4.93
Kyle Anderson,MEM,67,32,35,19.9,7877.8,1.49,0.8,0.69,4.21,4.52,3.91
Kyle Guy,SAC,3,2,1,3.2,1447,0.27,0.14,0.13,4.46,4.48,4.44
Kyle Korver,MIL,57,42,15,16.5,6811.2,1.29,0.68,0.61,4.37,4.69,4.06
Kyle Kuzma,LAL,61,46,15,25,10007.1,1.9,1.01,0.88,4.23,4.58,3.9
Kyle Lowry,TOR,57,40,17,36.2,13043.3,2.47,1.34,1.13,3.81,4.23,3.41
Kyle O'Quinn,PHI,29,18,11,10.8,3794.3,0.72,0.4,0.32,3.84,4.01,3.64
Kyrie Irving,BKN,20,8,12,32.9,12511,2.37,1.3,1.07,4.04,4.52,3.58
LaMarcus Aldridge,SAS,52,22,30,33,12189.6,2.31,1.25,1.06,3.94,4.2,3.68
Lance Thomas,BKN,7,4,3,14,5663.7,1.07,0.57,0.5,4.4,4.59,4.21
Landry Shamet,LAC,53,34,19,27.4,11760,2.23,1.21,1.02,4.54,5.01,4.09
Langston Galloway,DET,65,20,45,25.9,10163.9,1.92,1.03,0.89,4.26,4.49,4.02
Larry Nance Jr.,CLE,56,16,40,26.3,10064.7,1.91,1.03,0.88,4.06,4.25,3.86
Lauri Markkanen,CHI,50,18,32,29.8,11799.8,2.23,1.2,1.03,4.22,4.66,3.8
LeBron James,LAL,67,50,17,34.6,12116.1,2.29,1.26,1.03,3.74,4.17,3.32
Lonnie Walker IV,SAS,60,28,32,16.1,6361.8,1.2,0.64,0.56,4.22,4.57,3.89
Lonzo Ball,NOP,62,26,36,32,12795.1,2.42,1.33,1.09,4.3,4.84,3.79
Lou Williams,LAC,65,44,21,28.7,10667.4,2.02,1.13,0.89,3.92,4.46,3.4
Louis King,DET,10,3,7,6.2,2574.9,0.49,0.28,0.21,4.36,4.85,3.85
Luc Mbah a Moute,HOU,3,1,2,8.2,2991.3,0.57,0.28,0.29,3.81,4.05,3.63
Luguentz Dort,OKC,36,26,10,22.8,8848.5,1.68,0.82,0.85,4.14,4.08,4.2
Luka Dončić,DAL,59,34,25,33.4,12562.5,2.38,1.37,1.01,4,4.51,3.46
Luka Samanic,SAS,3,1,2,16.1,6665.3,1.26,0.64,0.62,4.43,5.04,3.96
Luke Kennard,DET,27,11,16,32.9,13195.7,2.5,1.42,1.08,4.26,4.65,3.82
Luke Kornet,CHI,36,11,25,15.5,6045.9,1.15,0.61,0.53,4.21,4.57,3.85
Malcolm Brogdon,IND,54,34,20,30.9,11761.2,2.23,1.25,0.98,4.06,4.53,3.59
Malcolm Miller,TOR,28,24,4,5.8,2488.4,0.47,0.25,0.22,4.48,4.68,4.29
Malik Beasley,MIN,55,30,25,22,8667.3,1.64,0.91,0.74,4.24,4.66,3.82
Malik Monk,CHA,54,18,36,21,8185.7,1.55,0.86,0.69,4.23,4.62,3.84
Malik Newman,CLE,1,0,1,3.7,1246,0.24,0.16,0.08,3.13,6.16,3.17
Marc Gasol,TOR,43,34,9,26.6,8978.7,1.7,0.87,0.83,3.58,3.73,3.44
Marco Belinelli,SAS,56,26,30,15.6,6483.8,1.23,0.69,0.54,4.47,5.11,3.84
Marcus Morris Sr.,LAC,62,26,36,31.2,11659.4,2.21,1.18,1.03,3.97,4.26,3.69
Marcus Smart,BOS,60,39,21,32,11940.6,2.26,1.21,1.05,3.95,4.29,3.62
Marial Shayok,PHI,4,2,2,7,2941.5,0.56,0.31,0.25,4.35,4.52,4.15
Mario Hezonja,POR,52,23,29,16.7,6426.5,1.22,0.66,0.55,4.18,4.52,3.83
Markelle Fultz,ORL,72,33,39,27.7,11522.9,2.18,1.22,0.97,4.44,4.97,3.92
Markieff Morris,LAL,57,22,35,20.5,7553.7,1.43,0.77,0.66,3.89,4.13,3.64
Marko Guduric,MEM,44,19,25,11,4455,0.84,0.46,0.39,4.37,4.73,4
Marques Bolden,CLE,1,0,1,2.8,1105,0.21,0.1,0.11,3.91,4.75,3.32
Marquese Chriss,GSW,59,15,44,20.3,8057.7,1.53,0.82,0.71,4.2,4.58,3.84
Marvin Bagley III,SAC,13,2,11,25.7,10541.6,2,1.02,0.98,4.36,4.52,4.2
Marvin Williams,MIL,57,21,36,19.3,7285.8,1.38,0.73,0.65,4.08,4.27,3.88
Mason Plumlee,DEN,61,38,23,17.3,6840.5,1.3,0.7,0.6,4.16,4.45,3.88
Matisse Thybulle,PHI,65,40,25,19.8,8096.6,1.53,0.79,0.74,4.36,4.39,4.32
Matt Mooney,CLE,4,0,4,4.7,2102.8,0.4,0.2,0.2,4.7,4.92,4.5
Matt Thomas,TOR,40,30,10,10.9,4765.4,0.9,0.5,0.4,4.71,5.14,4.27
Matthew Dellavedova,CLE,57,17,40,14.4,5749.8,1.09,0.6,0.48,4.31,4.78,3.84
Maurice Harkless,NYK,62,39,23,23,9195.4,1.74,0.9,0.85,4.24,4.4,4.09
Max Strus,CHI,2,0,2,3.1,1565.5,0.3,0.15,0.14,4.85,5.76,4.19
Maxi Kleber,DAL,72,40,32,25.4,9663.6,1.83,1.02,0.82,4.03,4.32,3.71
Melvin Frazier Jr.,ORL,19,6,13,6.6,2582.3,0.49,0.26,0.23,4.26,4.59,3.95
Meyers Leonard,MIA,51,34,17,20.3,7301.1,1.38,0.75,0.63,3.86,4.03,3.68
Mfiondu Kabengele,LAC,12,9,3,5.4,1879.1,0.36,0.18,0.17,4.17,4.28,4.07
Michael Carter-Williams,ORL,45,21,24,18.5,7407.2,1.4,0.76,0.65,4.27,4.55,3.99
Michael Frazier II,HOU,13,7,6,11.1,4617.1,0.87,0.42,0.46,4.43,4.4,4.38
Michael Kidd-Gilchrist,DAL,24,11,13,11.6,4609.5,0.87,0.45,0.42,4.27,4.43,4.11
Michael Porter Jr.,DEN,55,36,19,16.4,6552.6,1.24,0.67,0.57,4.28,4.46,4.08
Mikal Bridges,PHX,72,34,38,27.9,11775.7,2.23,1.18,1.05,4.46,4.78,4.15
Mike Conley,UTA,47,26,21,29,11590.4,2.2,1.22,0.97,4.25,4.68,3.81
Mike Muscala,OKC,47,26,21,12.2,4928.8,0.93,0.52,0.41,4.29,4.77,3.81
Mike Scott,PHI,68,39,29,17.8,7062.8,1.34,0.73,0.61,4.27,4.52,4
Miles Bridges,CHA,64,23,41,30.9,12285.9,2.33,1.22,1.1,4.26,4.44,4.07
Mitchell Robinson,NYK,61,20,41,23.1,8995.8,1.7,0.89,0.81,4.12,4.32,3.93
Miye Oni,UTA,10,5,5,10.9,4454.4,0.84,0.45,0.39,4.39,4.5,4.26
Mo Bamba,ORL,62,30,32,14.2,5418.7,1.03,0.55,0.48,4.11,4.31,3.92
Montrezl Harrell,LAC,63,44,19,27.8,9990.1,1.89,1,0.89,3.78,4.08,3.5
Monté Morris,DEN,73,46,27,22.4,8829.7,1.67,0.94,0.73,4.25,4.68,3.8
Moritz Wagner,WAS,45,15,30,18.6,7689.7,1.46,0.79,0.66,4.37,4.89,3.87
Moses Brown,POR,9,4,5,3.6,1464.8,0.28,0.15,0.13,4.34,4.52,4.17
Mychal Mulder,GSW,7,3,4,29.1,11497.3,2.18,1.2,0.98,4.15,4.58,3.77
Myles Turner,IND,62,37,25,29.4,11206.9,2.12,1.15,0.97,4.07,4.38,3.75
Nassir Little,POR,48,22,26,11.9,4950.3,0.94,0.5,0.43,4.47,4.67,4.27
Naz Mitrou-Long,IND,5,3,2,9.4,3364,0.64,0.37,0.27,4.01,4.42,3.34
Naz Reid,MIN,30,8,22,16.5,6504.2,1.23,0.66,0.57,4.19,4.53,3.86
Nemanja Bjelica,SAC,71,31,40,27.9,10658.1,2.02,1.09,0.93,4.07,4.39,3.74
Nerlens Noel,OKC,61,38,23,18.5,7389.1,1.4,0.77,0.63,4.2,4.64,3.77
Nic Claxton,BKN,15,5,10,12.5,4636.2,0.88,0.47,0.41,4.33,4.64,4.02
Nickeil Alexander-Walker,NOP,47,19,28,12.6,5543.3,1.05,0.6,0.45,4.67,5.45,3.95
Nicolas Batum,CHA,21,6,15,22.4,8957.4,1.7,0.9,0.8,4.23,4.44,4.02
Nicolo Melli,NOP,59,26,33,17.2,6953.9,1.32,0.7,0.61,4.29,4.62,3.97
Nigel Williams-Goss,UTA,10,6,4,5,1790.6,0.34,0.19,0.15,4.13,4.32,3.93
Nikola Jokić,DEN,73,46,27,32,11628,2.2,1.21,0.99,3.88,4.17,3.58
Nikola Vučević,ORL,62,28,34,32.2,11633.2,2.2,1.17,1.04,3.86,4.1,3.62
Noah Vonleh,DEN,36,13,23,10.5,4098,0.78,0.43,0.35,4.21,4.69,3.73
Norman Powell,TOR,51,39,12,28.2,11265.7,2.13,1.11,1.03,4.22,4.53,3.93
Norvel Pelle,PHI,24,12,12,9.7,3663.3,0.69,0.38,0.31,4.01,4.28,3.74
OG Anunoby,TOR,68,49,19,29.8,11670.5,2.21,1.11,1.1,4.16,4.28,4.04
Omari Spellman,MIN,49,11,38,18.1,7026.6,1.33,0.7,0.63,4.19,4.41,3.98
Oshae Brissett,TOR,19,15,4,7.1,2859.6,0.54,0.29,0.25,4.19,4.33,4.04
Otto Porter Jr.,CHI,14,5,9,23.6,9788.4,1.85,0.99,0.87,4.4,4.8,3.99
P.J. Tucker,HOU,72,44,28,34.3,12897.6,2.44,1.22,1.22,4.02,4.19,3.87
P.J. Washington,CHA,57,22,35,30.5,11861.4,2.25,1.21,1.03,4.16,4.45,3.87
PJ Dozier,DEN,29,18,11,14.2,5763.8,1.09,0.6,0.49,4.28,4.74,3.82
Pascal Siakam,TOR,59,45,14,35.1,13757.4,2.61,1.39,1.21,4.14,4.52,3.78
Pat Connaughton,MIL,66,52,14,18.7,7764.1,1.47,0.78,0.69,4.39,4.68,4.1
Patrick Beverley,LAC,51,38,13,26.3,10791,2.04,1.12,0.93,4.35,4.81,3.9
Patrick McCaw,TOR,36,26,10,24.8,9617.4,1.82,0.93,0.89,4.09,4.19,4
Patrick Patterson,LAC,59,39,20,13.2,5047.5,0.96,0.52,0.43,4.09,4.44,3.75
Patty Mills,SAS,65,27,38,22.4,9470.9,1.79,0.98,0.82,4.46,4.94,4
Paul George,LAC,48,34,14,29.6,11413,2.16,1.17,0.99,4.1,4.5,3.7
Paul Millsap,DEN,51,30,21,24.3,9173.5,1.74,0.92,0.81,4.04,4.24,3.82
Paul Watson,TOR,10,7,3,8.7,3733.7,0.71,0.4,0.31,4.42,4.76,4.05
Quinn Cook,LAL,44,31,13,11.5,3905.6,0.74,0.4,0.34,4.33,4.55,4.12
Quinndary Weatherspoon,SAS,11,5,6,7.1,3097.2,0.59,0.32,0.27,4.65,5.08,4.1
RJ Barrett,NYK,56,17,39,30.4,12182.7,2.31,1.22,1.09,4.26,4.52,4.01
Rajon Rondo,LAL,48,37,11,20.5,7840.7,1.48,0.81,0.67,4.04,4.42,3.66
Raul Neto,PHI,54,29,25,12.4,4910.3,0.93,0.51,0.42,4.31,4.57,4.03
Rayjon Tucker,UTA,20,12,8,8.1,3144.6,0.6,0.33,0.27,4.28,4.46,4.14
Reggie Bullock Jr.,NYK,29,9,20,23.6,9296.9,1.76,0.95,0.81,4.2,4.46,3.92
Reggie Jackson,LAC,31,16,15,24,9241.5,1.75,0.96,0.79,4.08,4.46,3.68
Richaun Holmes,SAC,43,16,27,28.4,10593.9,2.01,1.03,0.98,3.96,4.08,3.83
Ricky Rubio,PHX,64,32,32,30.9,12394.9,2.35,1.32,1.03,4.25,4.81,3.7
Robert Covington,HOU,70,27,43,30.5,11635.1,2.2,1.19,1.02,4.06,4.45,3.67
Robert Williams III,BOS,29,19,10,13.4,5166.2,0.98,0.5,0.48,4.07,4.31,3.83
Robin Lopez,MIL,66,51,15,14.5,5629.4,1.07,0.58,0.48,4.25,4.64,3.85
Rodions Kurucs,BKN,47,18,29,14.5,5969.1,1.13,0.63,0.5,4.36,4.85,3.87
Rodney Hood,POR,21,8,13,29.5,11712.8,2.22,1.2,1.02,4.23,4.47,3.99
Rodney McGruder,LAC,56,38,18,15.6,6392.3,1.21,0.62,0.59,4.41,4.7,4.14
Romeo Langford,BOS,32,22,10,11.6,4719.9,0.89,0.46,0.43,4.32,4.43,4.2
Rondae Hollis-Jefferson,TOR,59,42,17,18.9,7927.6,1.5,0.78,0.72,4.4,4.61,4.18
Royce O'Neale,UTA,71,44,27,28.9,11402.5,2.16,1.18,0.98,4.21,4.52,3.89
Rudy Gay,SAS,66,29,37,21.6,8351.8,1.58,0.85,0.73,4.12,4.44,3.8
Rudy Gobert,UTA,68,42,26,34.3,13133.9,2.49,1.35,1.14,4.07,4.36,3.78
Rui Hachimura,WAS,48,15,33,30.1,12548.8,2.38,1.28,1.1,4.44,4.81,4.08
Russell Westbrook,HOU,57,36,21,36,13410,2.54,1.35,1.19,3.97,4.47,3.52
Ryan Anderson,HOU,2,1,1,7,901.5,0.17,0.09,0.08,3.94,5.01,5.54
Ryan Arcidiacono,CHI,58,21,37,16,6770.3,1.28,0.68,0.6,4.54,4.88,4.2
Ryan Broekhoff,PHI,16,9,7,11.2,4640.1,0.88,0.5,0.38,4.41,4.74,4.03
Sekou Doumbouya,DET,38,10,28,19.8,7997,1.51,0.82,0.7,4.29,4.52,4.03
Semi Ojeleye,BOS,69,46,23,14.7,5921.8,1.12,0.62,0.5,4.34,4.82,3.85
Serge Ibaka,TOR,54,39,15,26.8,9835.6,1.86,0.97,0.89,3.88,4.12,3.64
Seth Curry,DAL,62,36,26,24.3,9298.5,1.76,0.98,0.78,4.06,4.35,3.74
Shabazz Napier,WAS,56,16,40,24,8857.3,1.68,0.92,0.76,4.05,4.46,3.65
Shai Gilgeous-Alexander,OKC,70,43,27,34.7,13303.8,2.52,1.36,1.16,4.06,4.34,3.77
Shake Milton,PHI,40,23,17,20.1,8014.9,1.52,0.84,0.68,4.26,4.5,3.99
Shamorie Ponds,TOR,4,4,0,2.6,1066.5,0.2,0.11,0.09,4.11,3.8,4.47
Shaquille Harrison,CHI,43,14,29,11.3,4798.6,0.91,0.48,0.43,4.54,4.8,4.29
Sindarius Thornwell,NOP,2,0,2,17.7,7456.5,1.41,0.78,0.63,4.39,4.91,4.17
Skal Labissiere,ATL,33,14,19,17.2,6835.2,1.29,0.69,0.6,4.21,4.44,3.99
Solomon Hill,MIA,59,29,30,18.4,7156.6,1.36,0.73,0.63,4.14,4.47,3.81
Spencer Dinwiddie,BKN,64,30,34,31.2,11843.4,2.24,1.28,0.97,4.04,4.6,3.48
Stanley Johnson,TOR,25,19,6,6,2407.6,0.46,0.25,0.21,4.31,4.67,3.95
Stanton Kidd,UTA,4,3,1,3.8,1521.8,0.29,0.15,0.14,4.7,4.66,4.74
Stephen Curry,GSW,5,1,4,27.9,11846.4,2.24,1.28,0.96,4.51,5.28,3.78
Sterling Brown,MIL,52,39,13,14.7,6101,1.16,0.6,0.55,4.4,4.6,4.19
Steven Adams,OKC,63,40,23,26.7,10154.9,1.92,1.03,0.89,4.03,4.32,3.73
Svi Mykhailiuk,DET,55,17,38,22.8,9145.5,1.73,0.98,0.75,4.41,4.84,3.94
T.J. Leaf,IND,28,16,12,7.9,3105.8,0.59,0.32,0.27,4.35,4.61,4.07
T.J. McConnell,IND,71,44,27,18.7,8053.5,1.53,0.81,0.72,4.58,4.86,4.3
T.J. Warren,IND,67,42,25,32.9,13000,2.46,1.26,1.2,4.21,4.3,4.13
Tacko Fall,BOS,7,5,2,4.7,1607.3,0.3,0.16,0.15,3.59,3.83,3.35
Taj Gibson,NYK,62,21,41,16.5,6240.7,1.18,0.62,0.56,4.09,4.31,3.88
Talen Horton-Tucker,LAL,6,2,4,13.5,5433.8,1.03,0.55,0.48,4.29,4.64,3.94
Tariq Owens,PHX,3,0,3,5.1,2083.3,0.39,0.2,0.19,4.33,4.46,4.21
Taurean Prince,BKN,64,30,34,29,10665.3,2.02,1.09,0.93,3.91,4.24,3.59
Terance Mann,LAC,41,27,14,8.8,3845.8,0.73,0.39,0.34,4.6,4.93,4.27
Terence Davis,TOR,71,52,19,16.9,7058.1,1.34,0.71,0.63,4.38,4.7,4.06
Terrance Ferguson,OKC,56,33,23,22.4,8609.5,1.63,0.8,0.83,4.19,4.18,4.21
Terrence Ross,ORL,69,31,38,27.4,10815.1,2.05,1.13,0.92,4.22,4.59,3.83
Terry Rozier,CHA,62,21,41,34.3,13634,2.58,1.39,1.19,4.25,4.51,3.98
Thabo Sefolosha,HOU,41,27,14,10.6,3988.2,0.76,0.39,0.37,4.31,4.7,3.96
Thaddeus Young,CHI,64,22,42,24.9,9727,1.84,0.98,0.86,4.19,4.49,3.89
Thanasis Antetokounmpo,MIL,19,15,4,6.7,2900.5,0.55,0.29,0.26,4.48,4.71,4.23
Theo Pinson,NYK,33,15,18,11.1,4378,0.83,0.43,0.4,4.21,4.5,3.91
Thomas Bryant,WAS,46,15,31,24.9,9688.6,1.83,1,0.84,4.15,4.54,3.76
Thon Maker,DET,59,20,39,13.1,5375,1.02,0.55,0.46,4.39,4.64,4.11
Tim Frazier,DET,26,9,17,13.6,5378.7,1.02,0.57,0.45,4.25,4.53,3.92
Tim Hardaway Jr.,DAL,69,39,30,29.4,11299.3,2.14,1.17,0.97,4.09,4.4,3.77
Timothe Luwawu-Cabarrot,BKN,47,20,27,18.1,7643,1.45,0.77,0.68,4.45,4.79,4.12
Tobias Harris,PHI,72,43,29,34.3,13109.6,2.48,1.37,1.12,4.07,4.35,3.78
Tomas Satoransky,CHI,65,22,43,28.9,12333.5,2.34,1.25,1.08,4.54,4.96,4.14
Tony Bradley,UTA,58,36,22,11.4,4603.7,0.87,0.47,0.4,4.29,4.48,4.09
Tony Snell,DET,58,18,40,27.8,10513.5,1.99,1.12,0.87,4.06,4.38,3.71
Torrey Craig,DEN,58,38,20,18.5,7437.7,1.41,0.73,0.68,4.36,4.36,4.35
Trae Young,ATL,60,18,42,35.3,13855.5,2.62,1.48,1.14,4.14,4.71,3.58
Tremont Waters,BOS,11,8,3,10.8,4298.9,0.81,0.43,0.39,4.23,4.57,3.91
Treveon Graham,ATL,55,21,34,16.9,6799.9,1.29,0.68,0.61,4.34,4.63,4.07
Trevor Ariza,POR,52,21,31,27.9,10331.2,1.96,1.02,0.94,3.92,4.06,3.79
Trey Burke,DAL,33,16,17,15.8,6402.9,1.21,0.66,0.55,4.29,4.49,4.07
Trey Lyles,SAS,62,26,36,20.2,8220.9,1.56,0.86,0.7,4.36,4.78,3.94
Tristan Thompson,CLE,57,19,38,30.2,11445.5,2.17,1.17,1,4.05,4.14,3.95
Troy Brown Jr.,WAS,69,24,45,25.8,10424.9,1.97,1.05,0.92,4.31,4.7,3.94
Troy Daniels,DEN,47,34,13,11.3,3950.4,0.75,0.4,0.34,4.31,4.58,4.01
Ty Jerome,PHX,31,16,15,10.6,4219.1,0.8,0.46,0.34,4.24,4.72,3.74
Tyler Cook,DEN,13,3,10,4.2,1386.5,0.26,0.14,0.13,4.13,4.81,3.78
Tyler Herro,MIA,55,34,21,27.4,11768,2.23,1.26,0.97,4.53,4.97,4.06
Tyler Johnson,BKN,38,16,22,18.3,7515.3,1.42,0.79,0.64,4.35,4.79,3.9
Tyler Zeller,SAS,2,1,1,1.9,855.5,0.16,0.09,0.07,4.11,4.64,3.35
Tyrone Wallace,ATL,14,3,11,11.5,4606.2,0.87,0.45,0.42,4.37,4.74,4.08
Tyson Chandler,HOU,26,15,11,8.4,3075,0.58,0.3,0.28,4.03,4.2,3.92
Tyus Jones,MEM,65,32,33,18.9,7678.5,1.45,0.79,0.66,4.44,4.87,4.02
Udonis Haslem,MIA,4,3,1,11,3831,0.73,0.39,0.34,3.7,3.73,3.67
Vic Law,ORL,8,2,6,7.7,3275.9,0.62,0.31,0.31,4.46,4.83,3.98
Victor Oladipo,IND,19,11,8,27.8,11140.2,2.11,1.14,0.97,4.28,4.6,3.95
Vince Carter,ATL,60,19,41,14.6,5328.2,1.01,0.55,0.46,3.93,4.21,3.64
Vincent Poirier,BOS,22,18,4,5.9,2431.7,0.46,0.24,0.22,4.4,4.58,4.2
Vlatko Čančar,DEN,14,7,7,3.2,1173.4,0.22,0.11,0.11,3.89,4.19,3.62
Wayne Ellington,NYK,36,9,27,15.5,5967.6,1.13,0.64,0.49,4.26,4.82,3.71
Wendell Carter Jr.,CHI,43,15,28,29.2,11237.4,2.13,1.11,1.02,4.09,4.37,3.84
Wenyen Gabriel,POR,29,9,20,7.8,3240.3,0.61,0.33,0.29,4.3,4.65,3.96
Wes Iwundu,ORL,52,23,29,18.3,7507.9,1.42,0.76,0.66,4.37,4.66,4.08
Wesley Matthews,MIL,66,51,15,24.5,9844.1,1.86,0.96,0.9,4.31,4.7,3.96
Will Barton,DEN,58,38,20,33,12836,2.43,1.3,1.13,4.14,4.35,3.92
William Howard,HOU,2,1,1,6.6,2739,0.52,0.26,0.26,4.14,4.46,3.86
Willie Cauley-Stein,DAL,53,15,38,20.4,8234.7,1.56,0.82,0.74,4.32,4.58,4.07
Willy Hernangomez,CHA,30,7,23,12.3,4785.3,0.91,0.48,0.42,4.18,4.41,3.93
Wilson Chandler,BKN,35,16,19,21,8188.9,1.55,0.85,0.7,4.13,4.61,3.67
Yogi Ferrell,SAC,50,20,30,10.6,4277.3,0.81,0.44,0.37,4.29,4.67,3.93
Yuta Watanabe,MEM,18,9,9,5.8,2475.2,0.47,0.26,0.21,4.47,4.9,4.03
Zach Collins,POR,11,8,3,26.4,10312.8,1.95,1.04,0.91,4.19,4.5,3.87
Zach LaVine,CHI,60,20,40,34.8,14178.1,2.69,1.45,1.24,4.34,4.76,3.94
Zach Norvell Jr.,GSW,5,2,3,8.2,3270,0.62,0.34,0.28,4.77,5.18,4.35
Zhaire Smith,PHI,7,3,4,4.6,1945.7,0.37,0.19,0.18,4.27,4.2,4.34
Zion Williamson,NOP,23,11,12,27.5,11307,2.14,1.13,1.01,4.39,4.85,3.95
Zylan Cheatham,NOP,4,2,2,12.8,5550.5,1.05,0.56,0.49,4.54,4.88,4.23